{"cameraMode":{"drawMode":0,"name":"Shaded","section":"Shading Mode"},"sceneLighting":false,"audioPlay":false,"sceneViewState":{"showFog":true,"showMaterialUpdate":false,"showSkybox":false,"showFlares":true,"showImageEffects":true,"showParticleSystems":true,"showVisualEffectGraphs":true,"m_FxEnabled":true},"in2DMode":false,"pivot":{"x":-0.033868491649627689,"y":0.32644951343536379,"z":5.066394805908203e-7},"rotation":{"x":0.2683892548084259,"y":-0.5098769068717957,"z":0.17123465240001679,"w":0.7991721034049988},"size":1.2344613075256348,"orthographic":false}