{"cameraMode":{"drawMode":0,"name":"Shaded","section":"Shading Mode"},"sceneLighting":false,"audioPlay":false,"sceneViewState":{"showFog":true,"showMaterialUpdate":false,"showSkybox":false,"showFlares":true,"showImageEffects":true,"showParticleSystems":true,"showVisualEffectGraphs":true,"m_FxEnabled":true},"in2DMode":false,"pivot":{"x":0.08237648010253906,"y":1.1150164604187012,"z":-0.0016289949417114258},"rotation":{"x":0.2683892548084259,"y":-0.5098769068717957,"z":0.17123465240001679,"w":0.7991721034049988},"size":1.3253093957901,"orthographic":false}