{"cameraMode":{"drawMode":0,"name":"Shaded","section":"Shading Mode"},"sceneLighting":false,"audioPlay":false,"sceneViewState":{"showFog":true,"showMaterialUpdate":false,"showSkybox":false,"showFlares":true,"showImageEffects":true,"showParticleSystems":true,"showVisualEffectGraphs":true,"m_FxEnabled":true},"in2DMode":false,"pivot":{"x":0.13950610160827638,"y":1.5717380046844483,"z":0.6351056098937988},"rotation":{"x":0.2683892548084259,"y":-0.5098769068717957,"z":0.17123465240001679,"w":0.7991721034049988},"size":2.6973018646240236,"orthographic":false}