{"cameraMode":{"drawMode":0,"name":"Shaded","section":"Shading Mode"},"sceneLighting":false,"audioPlay":false,"sceneViewState":{"showFog":true,"showMaterialUpdate":false,"showSkybox":false,"showFlares":true,"showImageEffects":true,"showParticleSystems":true,"showVisualEffectGraphs":true,"m_FxEnabled":true},"in2DMode":false,"pivot":{"x":4.7453436851501469,"y":-0.24150419235229493,"z":2.3036816120147707},"rotation":{"x":0.31820720434188845,"y":-0.3640892803668976,"z":0.13393573462963105,"w":0.8650140166282654},"size":4.102579116821289,"orthographic":false}